{
    "hidden": true,
    "type": "origins:multiple",
    "strong_against": {
        "condition": {
            "type": "origins:and",
            "conditions": [
                {
                    "type": "origins:resource",
                    "resource": "charizard:charizard_hurricane_fuel_fuel_bar",
                    "comparison": ">",
                    "compare_to": 0
                }
            ]
        },
        "type": "origins:active_self",
        "entity_action": {
            "type": "origins:and",
            "actions": [
                {
                    "type": "origins:area_of_effect",
                    "radius": 12,
                    "bientity_condition": {
                        "type": "origins:target_condition",
                        "condition": {
                            "type": "origins:origin",
                            "origin": "serperior:serperior"
                        }
                    },
                    "bientity_action": {
                        "type": "origins:and",
                        "actions": [
                            {
                                "type": "origins:add_velocity",
                                "x": 0.1,
                                "y": 0.19,
                                "z": -0.1,
                                "client": true,
                                "server": true
                            },
                            {
                                "type": "origins:damage",
                                "amount": 4,
                                "damage_type": "minecraft:fly_into_wall"
                            }
                        ]
                    }
                }
            ]
        },
        "cooldown": 1,
        "hud_render": {
            "should_render": false
        },
        "key": {
            "key": "key.origins.secondary_active",
            "continuous": true
        }
    },
    "weak_against": {
        "condition": {
            "type": "origins:and",
            "conditions": [
                {
                    "type": "origins:resource",
                    "resource": "charizard:charizard_hurricane_fuel_fuel_bar",
                    "comparison": ">",
                    "compare_to": 0
                }
            ]
        },
        "type": "origins:active_self",
        "entity_action": {
            "type": "origins:and",
            "actions": [
                {
                    "type": "origins:area_of_effect",
                    "radius": 12,
                    "bientity_condition": {
                        "type": "origins:target_condition",
                        "condition": {
                            "type": "origins:origin",
                            "origin": "charizard:charizard"
                        }
                    },
                    "bientity_action": {
                        "type": "origins:and",
                        "actions": [
                            {
                                "type": "origins:add_velocity",
                                "x": 0.1,
                                "y": 0.19,
                                "z": -0.1,
                                "client": true,
                                "server": true
                            },
                            {
                                "type": "origins:damage",
                                "amount": 1,
                                "damage_type": "minecraft:fly_into_wall"
                            }
                        ]
                    }
                }
            ]
        },
        "cooldown": 1,
        "hud_render": {
            "should_render": false
        },
        "key": {
            "key": "key.origins.secondary_active",
            "continuous": true
        }
    },
    "projectiles": {
        "condition": {
            "type": "origins:and",
            "conditions": [
                {
                    "type": "origins:resource",
                    "resource": "charizard:charizard_hurricane_fuel_fuel_bar",
                    "comparison": ">",
                    "compare_to": 0
                }
            ]
        },
        "type": "origins:active_self",
        "entity_action": {
            "type": "origins:and",
            "actions": [
                {
                    "type": "origins:area_of_effect",
                    "radius": 12,
                    "bientity_condition": {
                        "type": "origins:target_condition",
                        "condition": {
                            "inverted": false,
                            "type": "origins:and",
                            "conditions": [
                                {
                                    "inverted": true,
                                    "type": "origins:living"
                                },
                                {
                                    "inverted": true,
                                    "type": "origins:entity_type",
                                    "entity_type": "minecraft:spectral_arrow"
                                }
                            ]
                        }
                    },
                    "bientity_action": {
                        "type": "origins:and",
                        "actions": [
                            {
                                "type": "origins:add_velocity",
                                "x": 0.1,
                                "y": 0.19,
                                "z": -0.1,
                                "client": true,
                                "server": true
                            }
                        ]
                    }
                }
            ]
        },
        "cooldown": 1,
        "hud_render": {
            "should_render": false
        },
        "key": {
            "key": "key.origins.secondary_active",
            "continuous": true
        }
    }
}