{
    "hidden": true,
    "type": "origins:multiple",
    "allow_creative_flight": {
        "condition": {
            "type": "origins:food_level",
            "comparison": ">",
            "compare_to": 6
        },
        "type": "origins:creative_flight"
    },
    "flapping": {
        "condition": {
            "type": "origins:creative_flying"
        },
        "type": "origins:action_over_time",
        "interval": 20,
        "entity_action": {
            "type": "origins:and",
            "actions": [
                {
                    "type": "origins:play_sound",
                    "sound": "minecraft:entity.ender_dragon.flap",
                    "volume": 0.2,
                    "pitch": 1.2
                },
                {
                    "type": "origins:exhaust",
                    "amount": 0.5
                }
            ]
        }
    }
}