{
    "name": "§6§l§nFire Type",
    "description": "§eAs a Charizard, you are a fire type, and therefore, are immune to all fire and lava damage. However, you take damage from water and sources of water.",
    "type": "origins:multiple",
    "fire_immunity": {
        "type": "origins:invulnerability",
        "damage_condition": {
            "type": "origins:fire"
        }
    },
    "damage_from_water": {
        "condition": {
            "type": "origins:or",
            "conditions": [
                {
                    "type": "origins:fluid_height",
                    "fluid": "minecraft:water",
                    "comparison": ">",
                    "compare_to": 0
                },
                {
                    "type": "origins:in_rain"
                }
            ]
        },
        "type": "origins:damage_over_time",
        "interval": 20,
        "onset_delay": 1,
        "damage": 2,
        "damage_easy": 1,
        "damage_source": {
            "name": "hurt_by_water",
            "bypasses_armor": true,
            "unblockable": true
        },
        "protection_enchantment": "origins:water_protection",
        "protection_effectiveness": 1
    },
    "damage_from_potions": {
        "type": "origins:action_on_item_use",
        "entity_action": {
            "type": "origins:damage",
            "amount": 2,
            "source": {
                "name": "hurt_by_water",
                "bypasses_armor": true,
                "unblockable": true
            }
        },
        "item_condition": {
            "type": "origins:ingredient",
            "ingredient": {
                "item": "minecraft:potion"
            }
        },
        "trigger": "finish",
        "priority": 0
    },
    "fire_extinguish": {
        "condition": {
            "type": "origins:fluid_height",
            "fluid": "minecraft:lava",
            "comparison": "==",
            "compare_to": 0
        },
        "type": "origins:action_over_time",
        "interval": 20,
        "entity_action": {
            "type": "origins:extinguish"
        }
    }
}